Артур, 868208500, /input, 20:13:18.984084
Андрей, 381529401, /found, 20:13:20.306213
Артур, 868208500, /found, 20:13:30.417228
Андрей, 381529401, /input, 20:14:24.775099
Андрей, 381529401, /input Новая запись 890000000, 20:15:11.333214
Андрей, 381529401, /input Новая запись 890000000, 20:19:26.489799
Артур, 868208500, /input, 20:54:39.104172
Андрей, 381529401, /input Новая запись 890000000, 20:55:45.517682
Андрей, 381529401, /input Новая запись 890000000, 20:55:45.518684
Артур, 868208500, /input, 20:56:29.083074
Артур, 868208500, /input, 20:56:29.084078
Артур, 868208500, /input аа ааа 77272, 20:58:33.652045
Артур, 868208500, /input аа ааа 77272, 20:58:33.652655
Александр, 1954247761, /input, 20:58:36.928659
Александр, 1954247761, /input, 20:58:36.928659
Андрей, 381529401, /input, 20:58:43.329664
Андрей, 381529401, /input, 20:58:43.330667
Артур, 868208500, /input а а 2, 20:59:08.980150
Артур, 868208500, /input а а 2, 20:59:08.980150
Александр, 1954247761, /input, 20:59:22.303683
Александр, 1954247761, /input, 20:59:22.304685
Андрей, 381529401, /input Иванов иван Иванович 89000000000 блаблабла, 20:59:25.006546
Андрей, 381529401, /input Иванов иван Иванович 89000000000 блаблабла, 20:59:25.006546
Артур, 868208500, /input бб бб 88, 21:00:33.086093
Артур, 868208500, /input бб бб 88, 21:00:33.087096
Александр, 1954247761, /input Алексеев Алексей, телефон 77777, работа, 21:01:11.501904
Александр, 1954247761, /input Алексеев Алексей, телефон 77777, работа, 21:01:11.502907
Артур, 868208500, /input, 21:31:13.725018
Артур, 868208500, /input, 21:31:13.726021
Александр, 1954247761, /input, 21:31:43.260592
Александр, 1954247761, /input, 21:31:43.263606
Артур, 868208500, /input, 21:31:52.843140
Артур, 868208500, /input, 21:31:52.844143
Андрей, 381529401, /found, 21:32:12.535349
Андрей, 381529401, /found, 21:32:12.536350
Андрей, 381529401, /input, 21:32:22.517837
Андрей, 381529401, /input, 21:32:22.517837
